{
  "image": "000290.png",
  "size": {
    "width": 1242,
    "height": 375
  },
  "count": 3,
  "detections": [
    {
      "class_id": 2,
      "label": "car",
      "confidence": 0.8756735920906067,
      "box": {
        "x1": 610.1859741210938,
        "y1": 186.95370483398438,
        "x2": 720.275390625,
        "y2": 261.6967468261719,
        "width": 110.08941650390625,
        "height": 74.7430419921875
      }
    },
    {
      "class_id": 2,
      "label": "car",
      "confidence": 0.7243309020996094,
      "box": {
        "x1": 132.2924346923828,
        "y1": 156.348388671875,
        "x2": 376.2403564453125,
        "y2": 317.601318359375,
        "width": 243.9479217529297,
        "height": 161.2529296875
      }
    },
    {
      "class_id": 2,
      "label": "car",
      "confidence": 0.5512802600860596,
      "box": {
        "x1": 414.36224365234375,
        "y1": 187.2277069091797,
        "x2": 441.0068664550781,
        "y2": 227.2292938232422,
        "width": 26.644622802734375,
        "height": 40.0015869140625
      }
    }
  ],
  "runtime_ms": 762.22
}