{
  "image": "1000254.jpg",
  "size": {
    "width": 1280,
    "height": 720
  },
  "count": 4,
  "detections": [
    {
      "class_id": 0,
      "label": "person",
      "confidence": 0.8570793867111206,
      "box": {
        "x1": 671.6182250976562,
        "y1": 184.67825317382812,
        "x2": 761.3676147460938,
        "y2": 381.2494812011719,
        "width": 89.7493896484375,
        "height": 196.57122802734375
      }
    },
    {
      "class_id": 0,
      "label": "person",
      "confidence": 0.8156020045280457,
      "box": {
        "x1": 175.64047241210938,
        "y1": 466.0545654296875,
        "x2": 253.13778686523438,
        "y2": 665.4840087890625,
        "width": 77.497314453125,
        "height": 199.429443359375
      }
    },
    {
      "class_id": 0,
      "label": "person",
      "confidence": 0.7790505886077881,
      "box": {
        "x1": 733.7816162109375,
        "y1": 29.403987884521484,
        "x2": 780.7967529296875,
        "y2": 152.28363037109375,
        "width": 47.01513671875,
        "height": 122.879638671875
      }
    },
    {
      "class_id": 0,
      "label": "person",
      "confidence": 0.7683212161064148,
      "box": {
        "x1": 589.2980346679688,
        "y1": 38.106475830078125,
        "x2": 640.1057739257812,
        "y2": 192.34783935546875,
        "width": 50.8077392578125,
        "height": 154.24136352539062
      }
    }
  ],
  "runtime_ms": 39.63
}