{
  "image": "119502.jpg",
  "size": {
    "width": 1920,
    "height": 1080
  },
  "count": 4,
  "detections": [
    {
      "class_id": 2,
      "label": "car",
      "confidence": 0.8022218346595764,
      "box": {
        "x1": 482.0330810546875,
        "y1": 42.20954132080078,
        "x2": 582.6537475585938,
        "y2": 149.00637817382812,
        "width": 100.62066650390625,
        "height": 106.79683685302734
      }
    },
    {
      "class_id": 0,
      "label": "person",
      "confidence": 0.771649181842804,
      "box": {
        "x1": 385.0675048828125,
        "y1": 195.50436401367188,
        "x2": 447.8778076171875,
        "y2": 353.8136901855469,
        "width": 62.810302734375,
        "height": 158.309326171875
      }
    },
    {
      "class_id": 2,
      "label": "car",
      "confidence": 0.7377257347106934,
      "box": {
        "x1": 917.439697265625,
        "y1": 3.6247100830078125,
        "x2": 1039.6197509765625,
        "y2": 136.49517822265625,
        "width": 122.1800537109375,
        "height": 132.87046813964844
      }
    },
    {
      "class_id": 7,
      "label": "truck",
      "confidence": 0.27112504839897156,
      "box": {
        "x1": 108.82134246826172,
        "y1": 777.739501953125,
        "x2": 214.5166015625,
        "y2": 902.1671142578125,
        "width": 105.69525909423828,
        "height": 124.4276123046875
      }
    }
  ],
  "runtime_ms": 17.63
}