{
  "image": "125116.jpg",
  "size": {
    "width": 1920,
    "height": 1080
  },
  "count": 3,
  "detections": [
    {
      "class_id": 2,
      "label": "car",
      "confidence": 0.9048088788986206,
      "box": {
        "x1": 1638.10791015625,
        "y1": 62.84660339355469,
        "x2": 1828.677490234375,
        "y2": 176.3679656982422,
        "width": 190.569580078125,
        "height": 113.5213623046875
      }
    },
    {
      "class_id": 2,
      "label": "car",
      "confidence": 0.7827406525611877,
      "box": {
        "x1": 481.884521484375,
        "y1": 40.28760528564453,
        "x2": 583.245849609375,
        "y2": 150.71337890625,
        "width": 101.361328125,
        "height": 110.42577362060547
      }
    },
    {
      "class_id": 0,
      "label": "person",
      "confidence": 0.5920274257659912,
      "box": {
        "x1": 92.50554656982422,
        "y1": 755.5431518554688,
        "x2": 179.3169708251953,
        "y2": 922.899169921875,
        "width": 86.8114242553711,
        "height": 167.35601806640625
      }
    }
  ],
  "runtime_ms": 16.89
}