{
  "image": "83439.jpg",
  "size": {
    "width": 1920,
    "height": 1080
  },
  "count": 2,
  "detections": [
    {
      "class_id": 7,
      "label": "truck",
      "confidence": 0.7244778871536255,
      "box": {
        "x1": 433.8750915527344,
        "y1": 16.594757080078125,
        "x2": 705.9409790039062,
        "y2": 297.142822265625,
        "width": 272.0658874511719,
        "height": 280.5480651855469
      }
    },
    {
      "class_id": 0,
      "label": "person",
      "confidence": 0.4042724370956421,
      "box": {
        "x1": 386.25823974609375,
        "y1": 1003.195068359375,
        "x2": 471.98162841796875,
        "y2": 1078.860595703125,
        "width": 85.723388671875,
        "height": 75.66552734375
      }
    }
  ],
  "runtime_ms": 18.6
}